{"cameraMode":{"drawMode":0,"name":"Shaded","section":"Shading Mode"},"sceneLighting":false,"audioPlay":false,"sceneViewState":{"m_AlwaysRefresh":false,"showFog":true,"showSkybox":false,"showFlares":true,"showImageEffects":true,"showParticleSystems":true,"showVisualEffectGraphs":true,"m_FxEnabled":true},"in2DMode":false,"pivot":{"x":-30.81599998474121,"y":1.996000051498413,"z":-12.958999633789063},"rotation":{"x":0.3010513186454773,"y":-0.23937085270881654,"z":0.08019612729549408,"w":0.9197989702224731},"size":0.12841899693012238,"orthographic":false}